{"speedLines":[[0,1.3]],"notes":[[[3166.6666666666665, 1], [4333.333333333333, 1], [5666.666666666666, 1], [6166.666666666666, 1], [8500.0, 1], [9666.666666666666, 1], [10499.999999999998, 1], [11000.0, 1], [11166.666666666666, 1], [11500.0, 1], [11833.333333333332, 1], [12000.0, 1], [12500.0, 1], [12833.333333333334, 1], [13166.666666666666, 1], [15833.333333333334, 1], [17833.333333333336, 1], [18000.000000000004, 1], [18166.666666666668, 1], [20333.333333333332, 1], [22416.666666666664, 1], [22666.666666666664, 1], [23666.666666666664, 1], [25333.33333333333, 1], [26333.33333333333, 1], [27999.999999999993, 1], [28333.333333333325, 1], [29916.666666666657, 1], [31249.99999999999, 1], [31416.666666666657, 1], [31833.333333333325, 1], [38416.666666666664, 1], [43833.333333333336, 1], [44583.33333333334, 1], [44750.00000000001, 1], [45083.33333333334, 1], [49000.000000000015, 1], [49166.66666666668, 1], [49916.666666666686, 1], [50083.33333333335, 1], [50416.666666666686, 1], [50583.33333333335, 1], [53083.33333333336, 1], [53250.00000000002, 1], [54500.00000000002, 1], [54666.66666666669, 1], [55500.00000000003, 1], [55916.66666666669, 1], [56333.333333333365, 1], [56666.66666666669, 1], [59833.333333333365, 1], [60083.33333333337, 1], [60333.33333333337, 1], [61750.00000000004, 1], [63250.000000000044, 1], [63750.000000000044, 1], [65333.33333333338, 1], [65500.000000000044, 1], [65666.66666666672, 1], [66000.00000000004, 1], [66333.33333333337, 1], [67000.00000000004, 1], [67166.66666666672, 1], [68166.66666666672, 1], [70666.6666666667, 1], [70833.33333333337, 1], [72333.33333333336, 1], [72666.6666666667, 1], [73000.00000000003, 1], [74500.00000000003, 1], [75250.00000000001, 1], [75416.66666666669, 1], [75750.00000000001, 1]], [[3000.0, 1], [4166.666666666667, 1], [5500.0, 1], [6000.0, 1], [8333.333333333332, 1], [9499.999999999998, 1], [10833.333333333332, 1], [11333.333333333332, 1], [11666.666666666666, 1], [12166.666666666666, 1], [13500.0, 1], [15500.000000000002, 1], [19833.333333333336, 1], [22333.333333333332, 1], [22833.333333333332, 1], [25249.999999999996, 1], [26166.66666666666, 1], [27916.66666666666, 1], [28583.333333333325, 1], [28749.999999999993, 1], [29666.666666666657, 1], [30083.333333333325, 1], [30833.333333333325, 1], [32833.33333333332, 1], [33333.33333333332, 1], [33666.66666666666, 1], [36166.66666666666, 1], [37166.66666666666, 1], [38333.33333333333, 1], [39000.0, 1], [41500.0, 1], [42500.0, 1], [43750.00000000001, 1], [44500.00000000001, 1], [44666.66666666667, 1], [44833.33333333334, 1], [48000.000000000015, 1], [48166.66666666668, 1], [48333.33333333335, 1], [48583.33333333335, 1], [48750.000000000015, 1], [49833.33333333335, 1], [50000.000000000015, 1], [50166.666666666686, 1], [52500.00000000002, 1], [52666.666666666686, 1], [52833.33333333336, 1], [54416.66666666669, 1], [54750.00000000003, 1], [55750.00000000003, 1], [56083.333333333365, 1], [56583.333333333365, 1], [57000.00000000003, 1], [57666.6666666667, 1], [58166.6666666667, 1], [58583.333333333365, 1], [59000.00000000004, 1], [59500.00000000004, 1], [59750.00000000004, 1], [60000.00000000004, 1], [60583.33333333337, 1], [61333.33333333337, 1], [62000.00000000004, 1], [63000.000000000044, 1], [65250.000000000044, 1], [65833.33333333337, 1], [65916.66666666672, 1], [66750.00000000004, 1], [67333.33333333339, 1], [67500.00000000004, 1], [68000.00000000004, 1], [69166.66666666672, 1], [70500.00000000004, 1], [71000.00000000003, 1], [71166.6666666667, 1], [72166.6666666667, 1], [72500.00000000003, 1], [72833.33333333336, 1], [73166.6666666667, 1], [74333.33333333336, 1], [74666.66666666669, 1], [75333.33333333336, 1], [75666.66666666669, 1]], [[2500.0, 1], [4000.0, 1], [4666.666666666667, 1], [7833.333333333333, 1], [9333.333333333332, 1], [9999.999999999998, 1], [13833.333333333334, 1], [14166.666666666668, 1], [14500.0, 1], [15166.666666666668, 1], [16166.666666666668, 1], [16500.0, 1], [16833.333333333336, 1], [17166.666666666668, 1], [17500.000000000004, 1], [18833.333333333336, 1], [19500.0, 1], [20166.666666666668, 1], [20500.0, 1], [20666.666666666668, 1], [20833.333333333332, 1], [21666.666666666664, 1], [23166.666666666664, 1], [24166.666666666664, 1], [24666.666666666664, 1], [25499.999999999996, 1], [25833.33333333333, 1], [26499.999999999996, 1], [27833.33333333333, 1], [27999.999999999993, 1], [28999.999999999993, 1], [29333.333333333325, 1], [30499.999999999993, 1], [31166.666666666657, 1], [32166.666666666657, 1], [32666.666666666657, 1], [33333.33333333332, 1], [33833.33333333332, 1], [33999.999999999985, 1], [34166.66666666666, 1], [35249.99999999999, 1], [35416.66666666666, 1], [35999.99999999999, 1], [36499.99999999999, 1], [36666.66666666666, 1], [36833.33333333333, 1], [39166.666666666664, 1], [39333.33333333333, 1], [40500.0, 1], [40666.666666666664, 1], [41333.333333333336, 1], [41833.333333333336, 1], [42000.0, 1], [43500.00000000001, 1], [43666.66666666667, 1], [45333.33333333334, 1], [45500.00000000001, 1], [45666.66666666668, 1], [47750.000000000015, 1], [51166.666666666686, 1], [51333.33333333335, 1], [51500.00000000002, 1], [52083.33333333336, 1], [52250.00000000002, 1], [54083.33333333336, 1], [54333.33333333336, 1], [55000.00000000003, 1], [57166.66666666669, 1], [57416.6666666667, 1], [58416.6666666667, 1], [59166.6666666667, 1], [59666.6666666667, 1], [60833.33333333337, 1], [61166.6666666667, 1], [61500.00000000004, 1], [62333.33333333337, 1], [62750.000000000044, 1], [63500.000000000044, 1], [63916.66666666671, 1], [64333.33333333338, 1], [65166.66666666671, 1], [67916.66666666672, 1], [69000.00000000004, 1], [69333.33333333337, 1], [69500.00000000004, 1], [70083.33333333337, 1], [70333.33333333337, 1], [71333.33333333337, 1], [71500.00000000003, 1], [72000.00000000003, 1], [73333.33333333336, 1], [73833.33333333336, 1], [74166.66666666669, 1], [74833.33333333336, 1], [75583.33333333336, 1], [75916.66666666669, 1]], [[2666.6666666666665, 1], [4833.333333333333, 1], [7999.999999999999, 1], [10166.666666666666, 1], [19166.666666666668, 1], [21000.0, 1], [21916.666666666664, 1], [22083.333333333332, 1], [23499.999999999996, 1], [24499.999999999996, 1], [24833.33333333333, 1], [25083.33333333333, 1], [26833.33333333333, 1], [27166.66666666666, 1], [27499.999999999993, 1], [27749.999999999993, 1], [30333.333333333325, 1], [30666.666666666657, 1], [31499.99999999999, 1], [32499.99999999999, 1], [33249.999999999985, 1], [33499.999999999985, 1], [33916.66666666666, 1], [34083.33333333332, 1], [34333.33333333332, 1], [34999.99999999999, 1], [35749.99999999999, 1], [35916.66666666666, 1], [36583.33333333333, 1], [36749.99999999999, 1], [36999.99999999999, 1], [37916.666666666664, 1], [38083.33333333333, 1], [38833.33333333333, 1], [39250.0, 1], [39416.666666666664, 1], [39666.666666666664, 1], [40333.333333333336, 1], [40583.333333333336, 1], [40750.0, 1], [41083.333333333336, 1], [41250.0, 1], [41916.66666666667, 1], [42083.333333333336, 1], [42333.333333333336, 1], [43250.00000000001, 1], [43416.66666666667, 1], [45416.66666666668, 1], [45583.33333333334, 1], [46333.33333333334, 1], [46500.00000000001, 1], [46750.000000000015, 1], [46916.66666666668, 1], [47166.66666666668, 1], [47333.33333333334, 1], [47500.000000000015, 1], [51250.00000000002, 1], [51416.666666666686, 1], [51750.00000000002, 1], [51916.666666666686, 1], [53833.33333333336, 1], [54000.00000000002, 1], [54166.66666666669, 1], [55250.00000000003, 1], [57333.333333333365, 1], [57916.6666666667, 1], [58333.333333333365, 1], [58750.00000000004, 1], [59083.333333333365, 1], [61000.00000000004, 1], [61250.00000000004, 1], [61416.66666666671, 1], [62500.00000000004, 1], [62666.66666666671, 1], [64666.66666666671, 1], [64833.33333333338, 1], [65083.33333333338, 1], [67750.00000000004, 1], [69083.33333333337, 1], [69416.6666666667, 1], [69750.00000000004, 1], [69916.6666666667, 1], [71666.6666666667, 1], [71833.33333333337, 1], [73500.00000000003, 1], [73666.66666666669, 