{"speedLines":[[0, 1]],"notes":[[[1333.3333333333333, 0], [4666.666666666667, 0], [5333.333333333333, 2], [8666.666666666666, 2], [9333.333333333332, 2], [12666.666666666666, 2], [13333.333333333334, 2], [16666.666666666668, 2], [17333.333333333336, 2], [20666.666666666668, 2], [21333.333333333332, 2]], [[1500.0, 0], [4500.0, 0], [4750.0, 2], [5250.0, 2], [5500.0, 0], [8500.0, 0], [8750.0, 2], [9250.0, 2], [9499.999999999998, 0], [12500.0, 0], [12750.0, 2], [13250.0, 2], [13500.0, 0], [16500.0, 0], [16750.0, 2], [17250.0, 2], [17500.000000000004, 0], [20500.0, 0], [20750.0, 2], [21250.0, 2]], [[1666.6666666666665, 0], [4333.333333333333, 0], [4833.333333333333, 2], [5166.666666666667, 2], [5666.666666666666, 0], [8333.333333333332, 0], [8833.333333333332, 2], [9166.666666666666, 2], [9666.666666666666, 0], [12333.333333333334, 0], [12833.333333333334, 2], [13166.666666666666, 2], [13666.666666666668, 0], [16333.333333333336, 0], [16833.333333333336, 2], [17166.666666666668, 2], [17666.666666666668, 0], [20333.333333333332, 0], [20833.333333333332, 2], [21166.666666666668, 2]], [[1833.3333333333333, 0], [4166.666666666667, 0], [4916.666666666667, 2], [5083.333333333333, 2], [5833.333333333333, 0], [8166.666666666666, 0], [8916.666666666666, 2], [9083.333333333332, 2], [9833.333333333332, 0], [12166.666666666666, 0], [12916.666666666666, 2], [13083.333333333334, 2], [13833.333333333334, 0], [16166.666666666668, 0], [16916.666666666668, 2], [17083.333333333336, 2], [17833.333333333336, 0], [20166.666666666668, 0], [20916.666666666668, 2], [21083.333333333332, 2]], [[2000.0, 0], [3000.0, 2], [4000.0, 0], [5000.0, 2], [6000.0, 0], [6999.999999999999, 2], [7999.999999999999, 0], [9000.0, 2], [9999.999999999998, 0], [11000.0, 2], [12000.0, 0], [13000.0, 2], [14000.0, 0], [15000.000000000002, 2], [16000.000000000002, 0], [17000.0, 2], [18000.000000000004, 0], [19000.0, 2], [20000.0, 0], [21000.0, 2]], [[2166.6666666666665, 0], [2916.6666666666665, 2], [3083.333333333333, 2], [3833.333333333333, 0], [6166.666666666666, 0], [6916.666666666666, 2], [7083.333333333333, 2], [7833.333333333333, 0], [10166.666666666666, 0], [10916.666666666666, 2], [11083.333333333332, 2], [11833.333333333332, 0], [14166.666666666668, 0], [14916.666666666668, 2], [15083.333333333334, 2], [15833.333333333334, 0], [18166.666666666668, 0], [18916.666666666668, 2], [19083.333333333336, 2], [19833.333333333336, 0]], [[2333.333333333333, 0], [2833.333333333333, 2], [3166.6666666666665, 2], [3666.6666666666665, 0], [6333.333333333333, 0], [6833.333333333333, 2], [7166.666666666666, 2], [7666.666666666666, 0], [10333.333333333332, 0], [10833.333333333332, 2], [11166.666666666666, 2], [11666.666666666666, 0], [14333.333333333334, 0], [14833.333333333334, 2], [15166.666666666668, 2], [15666.666666666668, 0], [18333.333333333336, 0], [18833.333333333336, 2], [19166.666666666668, 2], [19666.666666666668, 0]], [[2500.0, 0], [2750.0, 2], [3250.0, 2], [3500.0, 0], [6500.0, 0], [6749.999999999999, 2], [7249.999999999999, 2], [7499.999999999999, 0], [10499.999999999998, 0], [10750.0, 2], [11250.0, 2], [11500.0, 0], [14500.0, 0], [14750.000000000002, 2], [15250.000000000002, 2], [15500.000000000002, 0], [18500.000000000004, 0], [18750.0, 2], [19250.0, 2], [19500.0, 0]], [[2666.6666666666665, 2], [3333.333333333333, 2], [6666.666666666666, 2], [7333.333333333333, 2], [10666.666666666666, 2], [11333.333333333332, 2], [14666.666666666668, 2], [15333.333333333334, 2], [18666.666666666668, 2], [19333.333333333336, 2]]]}