{"speedLines":[[0, 1.3]],"notes":[[[1333.3333333333333, 0], [4666.666666666667, 0], [5333.333333333333, 1], [8666.666666666666, 1], [9333.333333333332, 1], [12666.666666666666, 1], [13333.333333333334, 1], [16666.666666666668, 1], [17333.333333333336, 1], [20666.666666666668, 1], [21333.333333333332, 1]], [[1500.0, 0], [4500.0, 0], [4750.0, 1], [5250.0, 1], [5500.0, 0], [8500.0, 0], [8750.0, 1], [9250.0, 1], [9499.999999999998, 0], [12500.0, 0], [12750.0, 1], [13250.0, 1], [13500.0, 0], [16500.0, 0], [16750.0, 1], [17250.0, 1], [17500.000000000004, 0], [20500.0, 0], [20750.0, 1], [21250.0, 1]], [[1666.6666666666665, 0], [4333.333333333333, 0], [4833.333333333333, 1], [5166.666666666667, 1], [5666.666666666666, 0], [8333.333333333332, 0], [8833.333333333332, 1], [9166.666666666666, 1], [9666.666666666666, 0], [12333.333333333334, 0], [12833.333333333334, 1], [13166.666666666666, 1], [13666.666666666668, 0], [16333.333333333336, 0], [16833.333333333336, 1], [17166.666666666668, 1], [17666.666666666668, 0], [20333.333333333332, 0], [20833.333333333332, 1], [21166.666666666668, 1]], [[1833.3333333333333, 0], [4166.666666666667, 0], [4916.666666666667, 1], [5083.333333333333, 1], [5833.333333333333, 0], [8166.666666666666, 0], [8916.666666666666, 1], [9083.333333333332, 1], [9833.333333333332, 0], [12166.666666666666, 0], [12916.666666666666, 1], [13083.333333333334, 1], [13833.333333333334, 0], [16166.666666666668, 0], [16916.666666666668, 1], [17083.333333333336, 1], [17833.333333333336, 0], [20166.666666666668, 0], [20916.666666666668, 1], [21083.333333333332, 1]], [[2000.0, 0], [3000.0, 1], [4000.0, 0], [5000.0, 1], [6000.0, 0], [6999.999999999999, 1], [7999.999999999999, 0], [9000.0, 1], [9999.999999999998, 0], [11000.0, 1], [12000.0, 0], [13000.0, 1], [14000.0, 0], [15000.000000000002, 1], [16000.000000000002, 0], [17000.0, 1], [18000.000000000004, 0], [19000.0, 1], [20000.0, 0], [21000.0, 1]], [[2166.6666666666665, 0], [2916.6666666666665, 1], [3083.333333333333, 1], [3833.333333333333, 0], [6166.666666666666, 0], [6916.666666666666, 1], [7083.333333333333, 1], [7833.333333333333, 0], [10166.666666666666, 0], [10916.666666666666, 1], [11083.333333333332, 1], [11833.333333333332, 0], [14166.666666666668, 0], [14916.666666666668, 1], [15083.333333333334, 1], [15833.333333333334, 0], [18166.666666666668, 0], [18916.666666666668, 1], [19083.333333333336, 1], [19833.333333333336, 0]], [[2333.333333333333, 0], [2833.333333333333, 1], [3166.6666666666665, 1], [3666.6666666666665, 0], [6333.333333333333, 0], [6833.333333333333, 1], [7166.666666666666, 1], [7666.666666666666, 0], [10333.333333333332, 0], [10833.333333333332, 1], [11166.666666666666, 1], [11666.666666666666, 0], [14333.333333333334, 0], [14833.333333333334, 1], [15166.666666666668, 1], [15666.666666666668, 0], [18333.333333333336, 0], [18833.333333333336, 1], [19166.666666666668, 1], [19666.666666666668, 0]], [[2500.0, 0], [2750.0, 1], [3250.0, 1], [3500.0, 0], [6500.0, 0], [6749.999999999999, 1], [7249.999999999999, 1], [7499.999999999999, 0], [10499.999999999998, 0], [10750.0, 1], [11250.0, 1], [11500.0, 0], [14500.0, 0], [14750.000000000002, 1], [15250.000000000002, 1], [15500.000000000002, 0], [18500.000000000004, 0], [18750.0, 1], [19250.0, 1], [19500.0, 0]], [[2666.6666666666665, 1], [3333.333333333333, 1], [6666.666666666666, 1], [7333.333333333333, 1], [10666.666666666666, 1], [11333.333333333332, 1], [14666.666666666668, 1], [15333.333333333334, 1], [18666.666666666668, 1], [19333.333333333336, 1]]]}