{"speedLines":[[0,1.3]],"notes":[[[1916.6666666666665, 1], [2583.333333333333, 1], [3250.0, 1], [3916.6666666666665, 1], [4388.888888888889, 1], [4833.333333333333, 1], [5277.777777777777, 1], [5722.222222222222, 1], [6166.666666666666, 1], [6611.111111111111, 1], [6958.333333333333, 1], [7291.666666666666, 1], [7624.999999999999, 1], [7958.333333333333, 1]], [[1833.3333333333333, 1], [2500.0, 1], [2666.6666666666665, 1], [3333.333333333333, 1], [4333.333333333333, 1], [4777.777777777777, 1], [5222.222222222223, 1], [5333.333333333333, 1], [5777.777777777777, 1], [6222.222222222222, 1], [6916.666666666666, 1], [7249.999999999999, 1], [7583.333333333333, 1], [7916.666666666666, 1]], [[1750.0, 1], [2416.6666666666665, 1], [2750.0, 1], [3416.6666666666665, 1], [4277.777777777777, 1], [4722.222222222223, 1], [5166.666666666667, 1], [5388.888888888889, 1], [5833.333333333333, 1], [6277.777777777777, 1], [6874.999999999999, 1], [7208.333333333333, 1], [7541.666666666666, 1], [7874.999999999999, 1]], [[1666.6666666666665, 1], [2333.333333333333, 1], [2833.333333333333, 1], [3500.0, 1], [4222.222222222223, 1], [4666.666666666667, 1], [5111.111111111111, 1], [5444.444444444444, 1], [5888.888888888889, 1], [6333.333333333333, 1], [6833.333333333333, 1], [7166.666666666666, 1], [7499.999999999999, 1], [7833.333333333333, 1]], [[1583.3333333333333, 1], [2250.0, 1], [2916.6666666666665, 1], [3583.333333333333, 1], [4166.666666666667, 1], [4611.111111111111, 1], [5055.555555555556, 1], [5500.0, 1], [5944.444444444444, 1], [6388.888888888889, 1], [6791.666666666666, 1], [7124.999999999999, 1], [7458.333333333333, 1], [7791.666666666666, 1]], [[1500.0, 1], [2166.6666666666665, 1], [3000.0, 1], [3666.6666666666665, 1], [4111.111111111111, 1], [4555.555555555556, 1], [5000.0, 1], [5555.555555555556, 1], [6000.0, 1], [6444.444444444444, 1], [6749.999999999999, 1], [7083.333333333333, 1], [7416.666666666666, 1], [7749.999999999999, 1]], [[1416.6666666666665, 1], [2083.333333333333, 1], [3083.333333333333, 1], [3750.0, 1], [4055.5555555555557, 1], [4500.0, 1], [4944.444444444444, 1], [5611.11111111111, 1], [6055.555555555555, 1], [6500.0, 1], [6708.333333333333, 1], [7041.666666666666, 1], [7374.999999999999, 1], [7708.333333333333, 1]], [[1333.3333333333333, 1], [2000.0, 1], [3166.6666666666665, 1], [3833.333333333333, 1], [4000.0, 1], [4444.444444444444, 1], [4888.888888888889, 1], [5666.666666666666, 1], [6111.111111111111, 1], [6555.555555555555, 1], [6666.666666666666, 1], [6999.999999999999, 1], [7333.333333333333, 1], [7666.666666666666, 1], [7999.999999999999, 4], [8333.333333333332, 4]], []]}